hierarchical_cluster_k4,accuracy_percent,avg_depth_of_target,avg_time_to_throw,btt_rate,completion_percent,sack_percent,twp_rate,ypa,td_int_ratio,comp_pct_diff,ypa_diff,designed_run_rate,scramble_rate,elusive_rating,ypa_rushing,breakaway_percent,YAC_per_rush_attempt,pct_total_yards_rushing,qb_rush_attempt_rate,grades_offense,grades_pass,grades_run,pa_rate,pa_ypa,screen_rate,deep_attempt_rate,deep_accuracy_percent,deep_twp_rate,pressure_rate,pressure_sack_percent,pressure_twp_rate,pressure_accuracy_percent,quick_throw_rate,cluster
0,67.9425,9.57,2.9379999999999997,3.6825,56.835,8.2925,3.95,6.577500000000001,1.5370000000000001,0.86175,1.0879999999999999,0.13225,0.089,38.9325,5.37,17.1,3.18275,0.19824999999999998,0.00825,64.11749999999999,60.4125,65.4325,0.30025,7.375,0.14475,0.14850000000000002,34.9875,9.315000000000001,0.37175,21.682499999999997,4.7725,57.5,0.507,1.8
1,72.13269230769231,8.826923076923077,2.633076923076923,3.7884615384615383,61.9673076923077,4.823076923076924,3.411538461538462,7.0942307692307685,2.1517307692307694,0.0509615384615385,1.366923076923077,0.062115384615384614,0.04634615384615385,9.251923076923077,3.5250000000000004,8.25,1.7807692307692307,0.062115384615384614,0.004423076923076924,71.57692307692308,70.9173076923077,58.78653846153846,0.3051923076923077,8.057692307692308,0.1548076923076923,0.13730769230769233,39.690384615384616,7.203846153846154,0.2926923076923077,16.005769230769232,5.503846153846154,57.92307692307692,0.5640384615384616,0.0
2,70.34444444444445,10.348888888888888,2.864888888888889,4.844444444444444,60.94444444444444,5.522222222222222,3.8400000000000003,7.975555555555555,2.6813333333333333,2.121777777777778,2.2504444444444442,0.1731111111111111,0.08555555555555555,46.46666666666667,5.731111111111111,21.866666666666667,3.2446666666666664,0.20311111111111113,0.003777777777777778,77.79777777777778,72.30444444444444,72.57555555555555,0.3631111111111111,9.346666666666668,0.13444444444444445,0.17044444444444445,41.36222222222222,7.873333333333334,0.32422222222222224,16.59777777777778,5.513333333333334,57.98888888888889,0.508,1.9111111111111112
3,76.41875,8.7625,2.72375,4.64375,67.0875,4.4125,2.19375,8.3,4.101875,5.1,1.73625,0.09,0.05375,11.85625,4.9375,16.45,2.38,0.095,0.003125,86.0,84.18125,67.56875,0.33,9.475,0.1625,0.14125000000000001,48.36875,4.10625,0.28250000000000003,15.40625,3.775,64.3375,0.541875,2.8125
